Actual,Predicted
12000000,12530022.421524677
3000000,2994372.1973094027
4200000,4303744.394618824
